url,image,name,price
https://www.yesstyle.com/en/im-from-rice-whip-facial-cleanser-150ml/info.html/pid.1129063396,https://d1flfk77wl2xk4.cloudfront.net/Assets/93/232/M_p0208723293.jpg,,US$ 13.67
https://www.yesstyle.com/en/by-wishtrend-green-tea-enzyme-powder-wash-jumbo-renewed-110g/info.html/pid.1121130577,https://d1flfk77wl2xk4.cloudfront.net/Assets/71/855/M_p0192285571.jpg,,US$ 20.40
https://www.yesstyle.com/en/skin-1004-madagascar-centella-double-cleansing-duo-set-2-pcs/info.html/pid.1129356822,https://d1flfk77wl2xk4.cloudfront.net/Assets/88/638/M_p0209463888.jpg,SKIN 1004 - Madagascar Centella Double Cleansing Duo Set,US$ 21.40
https://www.yesstyle.com/en/skin-1004-madagascar-centella-light-cleansing-oil-200ml/info.html/pid.1077182361,https://d1flfk77wl2xk4.cloudfront.net/Assets/49/215/M_p0114021549.jpg,SKIN 1004 - Madagascar Centella Light Cleansing Oil,US$ 12.65
https://www.yesstyle.com/en/anua-heartleaf-quercetinol-pore-deep-cleansing-foam-150ml/info.html/pid.1129006061,https://d1flfk77wl2xk4.cloudfront.net/Assets/11/443/M_p0191844311.jpg,Anua - Heartleaf Quercetinol Pore Deep Cleansing Foam,US$ 14.00
https://www.yesstyle.com/en/mixsoon-9-step-skincare-sachet-bundle-set-9-pcs/info.html/pid.1132037808,https://d1flfk77wl2xk4.cloudfront.net/Assets/54/878/M_p0213987854.jpg,mixsoon - 9-Step Skincare Sachet Bundle Set,US$ 1.95
https://www.yesstyle.com/en/skin-1004-madagascar-centella-ampoule-foam-125ml/info.html/pid.1077182367,https://d1flfk77wl2xk4.cloudfront.net/Assets/29/216/M_p0114021629.jpg,SKIN 1004 - Madagascar Centella Ampoule Foam,US$ 10.48
https://www.yesstyle.com/en/anua-heartleaf-pore-control-cleansing-oil-200ml/info.html/pid.1134490327,https://d1flfk77wl2xk4.cloudfront.net/Assets/28/372/M_p0185237228.jpg,Anua - Heartleaf Pore Control Cleansing Oil,US$ 20.00
https://www.yesstyle.com/en/round-lab-1025-dokdo-cleanser-150ml/info.html/pid.1074113181,https://ddvql06zg3s2o.cloudfront.net/Assets/res/p/23747/imgs/M_loading.gif,ROUND LAB - 1025 Dokdo Cleanser,US$ 12.00
https://www.yesstyle.com/en/skin-1004-madagascar-centella-travel-kit-renewed-1-set/info.html/pid.1107199856,https://ddvql06zg3s2o.cloudfront.net/Assets/res/p/23747/imgs/M_loading.gif,SKIN 1004 - Madagascar Centella Travel Kit,US$ 22.79
https://www.yesstyle.com/en/mixsoon-centella-cleansing-foam-2024-version-150ml/info.html/pid.1118209017,https://ddvql06zg3s2o.cloudfront.net/Assets/res/p/23747/imgs/M_loading.gif,mixsoon - Centella Cleansing Foam,US$ 13.50
https://www.yesstyle.com/en/cosrx-low-ph-good-morning-gel-cleanser-150ml/info.html/pid.1052684732,https://ddvql06zg3s2o.cloudfront.net/Assets/res/p/23747/imgs/M_loading.gif,COSRX - Low pH Good Morning Gel Cleanser,US$ 9.30
https://www.yesstyle.com/en/mixsoon-bean-cleansing-oil-195ml/info.html/pid.1118864369,https://ddvql06zg3s2o.cloudfront.net/Assets/res/p/23747/imgs/M_loading.gif,mixsoon - Bean Cleansing Oil,US$ 18.75
https://www.yesstyle.com/en/skin-1004-madagascar-centella-poremizing-deep-cleansing-foam-125ml/info.html/pid.1116073910,https://ddvql06zg3s2o.cloudfront.net/Assets/res/p/23747/imgs/M_loading.gif,SKIN 1004 - Madagascar Centella Poremizing Deep Cleansing Foam,US$ 10.85
https://www.yesstyle.com/en/haruharu-wonder-black-rice-moisture-5-5-soft-cleansing-gel-100ml/info.html/pid.1097949802,https://ddvql06zg3s2o.cloudfront.net/Assets/res/p/23747/imgs/M_loading.gif,haruharu wonder - Black Rice Moisture 5.5 Soft Cleansing Gel,US$ 11.90
https://www.yesstyle.com/en/haruharu-wonder-black-rice-moisture-cleansing-oil-150ml/info.html/pid.1134315119,https://ddvql06zg3s2o.cloudfront.net/Assets/res/p/23747/imgs/M_loading.gif,haruharu wonder - Black Rice Moisture Cleansing Oil,US$ 20.00
https://www.yesstyle.com/en/celimax-the-real-noni-acne-bubble-cleanser-155ml/info.html/pid.1132449346,https://ddvql06zg3s2o.cloudfront.net/Assets/res/p/23747/imgs/M_loading.gif,celimax - The Real Noni Acne Bubble Cleanser,US$ 15.40
https://www.yesstyle.com/en/cosrx-salicylic-acid-daily-gentle-cleanser/info.html/pid.1052684728,https://ddvql06zg3s2o.cloudfront.net/Assets/res/p/23747/imgs/M_loading.gif,COSRX - Salicylic Acid Daily Gentle Cleanser,US$ 9.10
https://www.yesstyle.com/en/beauty-of-joseon-green-plum-refreshing-cleanser-100ml/info.html/pid.1109420675,https://ddvql06zg3s2o.cloudfront.net/Assets/res/p/23747/imgs/M_loading.gif,Beauty of Joseon - Green Plum Refreshing Cleanser,US$ 11.70
https://www.yesstyle.com/en/dr-althea-pure-grinding-cleansing-balm-50ml/info.html/pid.1128213530,https://ddvql06zg3s2o.cloudfront.net/Assets/res/p/23747/imgs/M_loading.gif,Dr. Althea - Pure Grinding Cleansing Balm,US$ 20.61
https://www.yesstyle.com/en/arencia-fresh-green-rice-mochi-cleanser-120g/info.html/pid.1133101178,https://ddvql06zg3s2o.cloudfront.net/Assets/res/p/23747/imgs/M_loading.gif,Arencia - Fresh Green Rice Mochi Cleanser,US$ 16.10
https://www.yesstyle.com/en/isehan-kiss-me-heroine-make-speedy-mascara-remover-6-6ml-blue-packing/info.html/pid.1058331256,https://ddvql06zg3s2o.cloudfront.net/Assets/res/p/23747/imgs/M_loading.gif,ISEHAN - Kiss Me Heroine Make Speedy Mascara Remover,US$ 8.80
https://www.yesstyle.com/en/heimish-all-clean-balm-120ml-120ml/info.html/pid.1053102258,https://ddvql06zg3s2o.cloudfront.net/Assets/res/p/23747/imgs/M_loading.gif,heimish - All Clean Balm 120ml,US$ 15.04
https://www.yesstyle.com/en/kose-softymo-cleansing-oil-deep-240ml-pokemon-limited-edition/info.html/pid.1078637072,https://ddvql06zg3s2o.cloudfront.net/Assets/res/p/23747/imgs/M_loading.gif,Kose - Softymo Cleansing Oil,US$ 9.53
https://www.yesstyle.com/en/skin-1004-madagascar-centella-tea-trica-bha-foam-125ml/info.html/pid.1116073912,https://ddvql06zg3s2o.cloudfront.net/Assets/res/p/23747/imgs/M_loading.gif,SKIN 1004 - Madagascar Centella Tea-trica BHA Foam,US$ 10.85
https://www.yesstyle.com/en/anua-rice-enzyme-brightening-cleansing-powder-40g/info.html/pid.1129917446,https://ddvql06zg3s2o.cloudfront.net/Assets/res/p/23747/imgs/M_loading.gif,Anua - Rice Enzyme Brightening Cleansing Powder,US$ 18.00
https://www.yesstyle.com/en/skin-1004-madagascar-centella-light-cleansing-oil-mini-30ml/info.html/pid.1124603061,https://ddvql06zg3s2o.cloudfront.net/Assets/res/p/23747/imgs/M_loading.gif,SKIN 1004 - Madagascar Centella Light Cleansing Oil Mini,US$ 4.88
https://www.yesstyle.com/en/beauty-of-joseon-ginseng-cleansing-oil-2024-version-210ml/info.html/pid.1128164794,https://ddvql06zg3s2o.cloudfront.net/Assets/res/p/23747/imgs/M_loading.gif,Beauty of Joseon - Ginseng Cleansing Oil,US$ 18.00
https://www.yesstyle.com/en/anua-heartleaf-pore-control-cleansing-oil-mild-200ml/info.html/pid.1128989172,https://ddvql06zg3s2o.cloudfront.net/Assets/res/p/23747/imgs/M_loading.gif,Anua - Heartleaf Pore Control Cleansing Oil Mild,US$ 20.71
https://www.yesstyle.com/en/aplb-glutathione-niacinamide-skin-4-types-sachet-set-1-set/info.html/pid.1132099581,https://ddvql06zg3s2o.cloudfront.net/Assets/res/p/23747/imgs/M_loading.gif,APLB - Glutathione Niacinamide Skin 4 Types Sachet Set,US$ 0.98
https://www.yesstyle.com/en/beauty-of-joseon-radiance-cleansing-balm-new-100ml/info.html/pid.1103112930,https://ddvql06zg3s2o.cloudfront.net/Assets/res/p/23747/imgs/M_loading.gif,Beauty of Joseon - Radiance Cleansing Balm NEW,US$ 17.10
https://www.yesstyle.com/en/banila-co-clean-it-zero-original-cleansing-balm-mini-7ml/info.html/pid.1119972605,https://ddvql06zg3s2o.cloudfront.net/Assets/res/p/23747/imgs/M_loading.gif,BANILA CO - Clean It Zero Original Cleansing Balm Mini,US$ 3.33
https://www.yesstyle.com/en/etude-soon-jung-ph-6-5-whip-cleanser-150ml-2021-new/info.html/pid.1059551584,https://ddvql06zg3s2o.cloudfront.net/Assets/res/p/23747/imgs/M_loading.gif,ETUDE - Soon Jung pH 6.5 Whip Cleanser,US$ 12.49
https://www.yesstyle.com/en/anua-heartleaf-quercetinol-pore-deep-cleansing-foam-mini-25ml/info.html/pid.1133525861,https://ddvql06zg3s2o.cloudfront.net/Assets/res/p/23747/imgs/M_loading.gif,Anua - Heartleaf Quercetinol Pore Deep Cleansing Foam Mini,US$ 5.40
https://www.yesstyle.com/en/beplain-mung-bean-cleansing-oil-jumbo-200ml/info.html/pid.1117864233,https://ddvql06zg3s2o.cloudfront.net/Assets/res/p/23747/imgs/M_loading.gif,beplain - Mung Bean Cleansing Oil Jumbo,US$ 16.27
https://www.yesstyle.com/en/round-lab-1025-dokdo-cleansing-oil-200ml/info.html/pid.1123980134,https://ddvql06zg3s2o.cloudfront.net/Assets/res/p/23747/imgs/M_loading.gif,ROUND LAB - 1025 Dokdo Cleansing Oil,US$ 26.00
https://www.yesstyle.com/en/anua-heartleaf-pore-control-cleansing-oil-mini-20ml/info.html/pid.1124243216,https://ddvql06zg3s2o.cloudfront.net/Assets/res/p/23747/imgs/M_loading.gif,Anua - Heartleaf Pore Control Cleansing Oil Mini,US$ 4.89
